<prezi xsi:schemaLocation="http://prezi.com/schema/prezi/2 http://prezi.com/schema/prezi/2" xmlns:xsi="http://www.w3.org/2001/XMLSchema-instance" version="2" xmlns="http://prezi.com/schema/prezi/2"><xFields><xField name="preziType"><xEnum type="PreziType" value="converted-from-core"/></xField></xFields><aspectRatio><aspectRatio value="16:9"/></aspectRatio><background><background><layers><array><backgroundSwfGraphics><assetSourceFilename><string value="lego_bg2-01.swf"/></assetSourceFilename><depth><double value="9.768046219564638"/></depth><fadeScale><double value="0.24309634966292168"/></fadeScale><height><double value="1472"/></height><localToWorld><transform2D x="3507.7683293892496" y="4240.24908510157" scale="56.699736288961574" rotation="0"/></localToWorld><onlineAssetId><string value="4249042670"/></onlineAssetId><onlineAssetUrl><string value="http://0103.static.prezi.com.s3.amazonaws.com/media/1/3/7/4ebfa7281742f26a621f9931020e1776887cb.swf"/></onlineAssetUrl><swfBoundsLeft><double value="586.85"/></swfBoundsLeft><swfBoundsTop><double value="254.55"/></swfBoundsTop><width><double value="1901"/></width></backgroundSwfGraphics></array></layers></background></background><documentStyle><documentStyle><fontClasses><array><fontClass><fontFamily><string value="WayRale"/></fontFamily><name><string value="body"/></name></fontClass><fontClass><fontFamily><string value="WayRale"/></fontFamily><fontWeight><fontWeight value="bold"/></fontWeight><name><string value="head"/></name></fontClass><fontClass><fontFamily><string value="WayRale"/></fontFamily><fontWeight><fontWeight value="bold"/></fontWeight><name><string value="strong"/></name></fontClass></array></fontClasses><fontFamilies><array><fontFamily><fontFaces><array><fontFace><fontSrc><string value="WayRale-Regular.keg"/></fontSrc></fontFace><fontFace><fontSrc><string value="WayRale-Bold.keg"/></fontSrc><fontWeight><fontWeight value="bold"/></fontWeight></fontFace><fontFace><fontSrc><string value="WayRale-Bold.keg"/></fontSrc><fontWeight><fontWeight value="bold"/></fontWeight></fontFace><fontFace><fontSrc><string value="WayRale-Italic.keg"/></fontSrc><fontStyle><fontStyle value="italic"/></fontStyle></fontFace><fontFace><fontSrc><string value="WayRale-BoldItalic.keg"/></fontSrc><fontStyle><fontStyle value="italic"/></fontStyle><fontWeight><fontWeight value="bold"/></fontWeight></fontFace></array></fontFaces><name><string value="WayRale"/></name></fontFamily></array></fontFamilies><styleDeclarations><array><styleDeclaration><styleBlock><styleBlock><gradEndAlpha><double value="0.7"/></gradEndAlpha><gradStartAlpha><double value="0.5"/></gradStartAlpha></styleBlock></styleBlock><styleSelector><simpleSelector value="zCircle"/></styleSelector></styleDeclaration><styleDeclaration><styleBlock><styleBlock><color><color value="#191919"/></color><fillType><fillType value="linear"/></fillType><gradEndColor><color value="#191919"/></gradEndColor><gradStartColor><color value="#191919"/></gradStartColor></styleBlock></styleBlock><styleSelector><simpleSelector value="*.line1"/></styleSelector></styleDeclaration><styleDeclaration><styleBlock><styleBlock><color><color value="#666666"/></color><fillType><fillType value="linear"/></fillType><gradEndColor><color value="#666666"/></gradEndColor><gradStartColor><color value="#666666"/></gradStartColor></styleBlock></styleBlock><styleSelector><simpleSelector value="*.line2"/></styleSelector></styleDeclaration><styleDeclaration><styleBlock><styleBlock><color><color value="#EF4C33"/></color><fillType><fillType value="linear"/></fillType><gradEndColor><color value="#F16A21"/></gradEndColor><gradStartColor><color value="#EF4C33"/></gradStartColor></styleBlock></styleBlock><styleSelector><simpleSelector value="*.line3"/></styleSelector></styleDeclaration><styleDeclaration><styleBlock><styleBlock><color><color value="#E80B76"/></color><fillType><fillType value="linear"/></fillType><gradEndColor><color value="#E74425"/></gradEndColor><gradStartColor><color value="#E80B76"/></gradStartColor></styleBlock></styleBlock><styleSelector><simpleSelector value="*.line4"/></styleSelector></styleDeclaration><styleDeclaration><styleBlock><styleBlock><color><color value="#FFFFFF"/></color><fillType><fillType value="linear"/></fillType><gradEndColor><color value="#FFFFFF"/></gradEndColor><gradStartColor><color value="#FFFFFF"/></gradStartColor></styleBlock></styleBlock><styleSelector><simpleSelector value="*.line5"/></styleSelector></styleDeclaration><styleDeclaration><styleBlock><styleBlock><color><color value="#000000"/></color><fillType><fillType value="linear"/></fillType><gradEndColor><color value="#191919"/></gradEndColor><gradStartColor><color value="#191919"/></gradStartColor></styleBlock></styleBlock><styleSelector><simpleSelector value="*.poly1"/></styleSelector></styleDeclaration><styleDeclaration><styleBlock><styleBlock><color><color value="#000000"/></color><fillType><fillType value="linear"/></fillType><gradEndColor><color value="#666666"/></gradEndColor><gradStartColor><color value="#666666"/></gradStartColor></styleBlock></styleBlock><styleSelector><simpleSelector value="*.poly2"/></styleSelector></styleDeclaration><styleDeclaration><styleBlock><styleBlock><color><color value="#000000"/></color><fillType><fillType value="linear"/></fillType><gradEndColor><color value="#F16A21"/></gradEndColor><gradStartColor><color value="#EF4C33"/></gradStartColor></styleBlock></styleBlock><styleSelector><simpleSelector value="*.poly3"/></styleSelector></styleDeclaration><styleDeclaration><styleBlock><styleBlock><color><color value="#000000"/></color><fillType><fillType value="linear"/></fillType><gradEndColor><color value="#E74425"/></gradEndColor><gradStartColor><color value="#E80B76"/></gradStartColor></styleBlock></styleBlock><styleSelector><simpleSelector value="*.poly4"/></styleSelector></styleDeclaration><styleDeclaration><styleBlock><styleBlock><color><color value="#000000"/></color><fillType><fillType value="linear"/></fillType><gradEndColor><color value="#FFFFFF"/></gradEndColor><gradStartColor><color value="#FFFFFF"/></gradStartColor></styleBlock></styleBlock><styleSelector><simpleSelector value="*.poly5"/></styleSelector></styleDeclaration><styleDeclaration><styleBlock><styleBlock><fillType><fillType value="linear"/></fillType><gradEndColor><color value="#000000"/></gradEndColor><gradStartColor><color value="#000000"/></gradStartColor></styleBlock></styleBlock><styleSelector><simpleSelector value="background"/></styleSelector></styleDeclaration><styleDeclaration><styleBlock><styleBlock><fillType><fillType value="linear"/></fillType><gradEndAlpha><double value="1"/></gradEndAlpha><gradEndColor><color value="#737373"/></gradEndColor><gradStartAlpha><double value="1"/></gradStartAlpha><gradStartColor><color value="#737373"/></gradStartColor><thickness><double value="7"/></thickness></styleBlock></styleBlock><styleSelector><simpleSelector value="zArrow"/></styleSelector></styleDeclaration><styleDeclaration><styleBlock><styleBlock><gradEndAlpha><double value="1"/></gradEndAlpha><gradStartAlpha><double value="1"/></gradStartAlpha><radius><double value="0"/></radius><thickness><double value="100"/></thickness></styleBlock></styleBlock><styleSelector><simpleSelector value="zCircle"/></styleSelector></styleDeclaration><styleDeclaration><styleBlock><styleBlock><color><color value="#333333"/></color></styleBlock></styleBlock><styleSelector><simpleSelector value="zPencil"/></styleSelector></styleDeclaration><styleDeclaration><styleBlock><styleBlock><borderAlpha><double value="0.9"/></borderAlpha><borderColor><color value="#FFFFFF"/></borderColor><borderThickness><double value="1"/></borderThickness><fillType><fillType value="linear"/></fillType><gradEndAlpha><double value="1"/></gradEndAlpha><gradEndColor><color value="#000000"/></gradEndColor><gradStartAlpha><double value="1"/></gradStartAlpha><gradStartColor><color value="#000000"/></gradStartColor><padding><double value="1.03"/></padding><thickness><double value="8"/></thickness></styleBlock></styleBlock><styleSelector><simpleSelector value="zBracketFrame"/></styleSelector></styleDeclaration><styleDeclaration><styleBlock><styleBlock><borderAlpha><double value="0"/></borderAlpha><borderColor><color value="#333333"/></borderColor><borderThickness><double value="0"/></borderThickness><fillType><fillType value="linear"/></fillType><gradEndAlpha><double value="1"/></gradEndAlpha><gradEndColor><color value="#FFFFFF"/></gradEndColor><gradStartAlpha><double value="1"/></gradStartAlpha><gradStartColor><color value="#FFFFFF"/></gradStartColor><padding><double value="1.03"/></padding><thickness><double value="100"/></thickness></styleBlock></styleBlock><styleSelector><simpleSelector value="zCircleFrame"/></styleSelector></styleDeclaration><styleDeclaration><styleBlock><styleBlock><borderAlpha><double value="0.7"/></borderAlpha><borderColor><color value="#000000"/></borderColor><borderThickness><double value="1"/></borderThickness><fillType><fillType value="linear"/></fillType><gradEndAlpha><double value="1"/></gradEndAlpha><gradEndColor><color value="#FFFFFF"/></gradEndColor><gradStartAlpha><double value="1"/></gradStartAlpha><gradStartColor><color value="#FFFFFF"/></gradStartColor><padding><double value="1.03"/></padding><radius><double value="1"/></radius><thickness><double value="3"/></thickness></styleBlock></styleBlock><styleSelector><simpleSelector value="zRectangleFrame"/></styleSelector></styleDeclaration><styleDeclaration><styleBlock><styleBlock><padding><double value="1.2"/></padding></styleBlock></styleBlock><styleSelector><simpleSelector value="zText"/></styleSelector></styleDeclaration><styleDeclaration><styleBlock><styleBlock><color><color value="#333333"/></color><fontClass><string value="body"/></fontClass></styleBlock></styleBlock><styleSelector><simpleSelector value="zText.body"/></styleSelector></styleDeclaration><styleDeclaration><styleBlock><styleBlock><backgroundAlpha><double value="0.9"/></backgroundAlpha><backgroundColor><color value="#E4E4DD"/></backgroundColor><backgroundPadding><double value="6"/></backgroundPadding></styleBlock></styleBlock><styleSelector><simpleSelector value="zText.body-background"/></styleSelector></styleDeclaration><styleDeclaration><styleBlock><styleBlock><color><color value="#FFFFFF"/></color><fontClass><string value="head"/></fontClass></styleBlock></styleBlock><styleSelector><simpleSelector value="zText.title"/></styleSelector></styleDeclaration><styleDeclaration><styleBlock><styleBlock><backgroundAlpha><double value="0.9"/></backgroundAlpha><backgroundColor><color value="#F16A21"/></backgroundColor><backgroundPadding><double value="6"/></backgroundPadding></styleBlock></styleBlock><styleSelector><simpleSelector value="zText.title-background"/></styleSelector></styleDeclaration><styleDeclaration><styleBlock><styleBlock><color><color value="#333333"/></color><fontClass><string value="strong"/></fontClass></styleBlock></styleBlock><styleSelector><simpleSelector value="zText.subtitle"/></styleSelector></styleDeclaration><styleDeclaration><styleBlock><styleBlock><backgroundAlpha><double value="0.9"/></backgroundAlpha><backgroundColor><color value="#D3E2EE"/></backgroundColor><backgroundPadding><double value="6"/></backgroundPadding></styleBlock></styleBlock><styleSelector><simpleSelector value="zText.subtitle-background"/></styleSelector></styleDeclaration><styleDeclaration><styleBlock><styleBlock><color><color value="#333333"/></color></styleBlock></styleBlock><styleSelector><simpleSelector value="zLine"/></styleSelector></styleDeclaration><styleDeclaration><styleBlock><styleBlock><alpha><double value="0.5"/></alpha><color><color value="#318BFF"/></color></styleBlock></styleBlock><styleSelector><simpleSelector value="zMarker"/></styleSelector></styleDeclaration><styleDeclaration><styleBlock><styleBlock><gradEndAlpha><double value="1"/></gradEndAlpha><gradStartAlpha><double value="1"/></gradStartAlpha><radius><double value="30"/></radius></styleBlock></styleBlock><styleSelector><simpleSelector value="zTriangle"/></styleSelector></styleDeclaration><styleDeclaration><styleBlock><styleBlock><gradEndAlpha><double value="1"/></gradEndAlpha><gradStartAlpha><double value="1"/></gradStartAlpha><radius><double value="30"/></radius></styleBlock></styleBlock><styleSelector><simpleSelector value="zSquare"/></styleSelector></styleDeclaration><styleDeclaration><styleBlock><styleBlock><borderColor><color value="#EF4C33"/></borderColor><thickness><double value="10"/></thickness></styleBlock></styleBlock><styleSelector><simpleSelector value="#20"/></styleSelector></styleDeclaration><styleDeclaration><styleBlock><styleBlock><borderColor><color value="#EF4C33"/></borderColor><thickness><double value="10"/></thickness></styleBlock></styleBlock><styleSelector><simpleSelector value="#24"/></styleSelector></styleDeclaration><styleDeclaration><styleBlock><styleBlock><borderColor><color value="#EF4C33"/></borderColor><thickness><double value="10"/></thickness></styleBlock></styleBlock><styleSelector><simpleSelector value="#72_30863873"/></styleSelector></styleDeclaration><styleDeclaration><styleBlock><styleBlock><borderColor><color value="#EF4C33"/></borderColor><thickness><double value="10"/></thickness></styleBlock></styleBlock><styleSelector><simpleSelector value="#73_30863873"/></styleSelector></styleDeclaration><styleDeclaration><styleBlock><styleBlock><borderColor><color value="#EF4C33"/></borderColor><thickness><double value="10"/></thickness></styleBlock></styleBlock><styleSelector><simpleSelector value="#74_30863873"/></styleSelector></styleDeclaration></array></styleDeclarations></documentStyle></documentStyle><path><array><flyToObject><target><ref value="2_30863873"/></target></flyToObject><flyToObject><target><ref value="46_30863873"/></target></flyToObject><flyToObject><target><ref value="54_30863873"/></target></flyToObject><flyToObject><target><ref value="59_30863873"/></target></flyToObject><flyToObject><target><ref value="7"/></target></flyToObject><flyToObject><target><ref value="19"/></target></flyToObject><flyToObject><target><ref value="23"/></target></flyToObject><flyToObject><target><ref value="62_30863873"/></target></flyToObject><flyToObject><target><ref value="14"/></target></flyToObject><flyToObject><target><ref value="15"/></target></flyToObject><flyToObject><target><ref value="16"/></target></flyToObject><flyToObject><target><ref value="17"/></target></flyToObject><flyToObject><target><ref value="18"/></target></flyToObject><flyToObject><target><ref value="65_30863873"/></target></flyToObject><flyToObject><target><ref value="2_30863873"/></target></flyToObject></array></path><zObjects><array><zInvisibleFrame><height><double value="1405.6344377039777"/></height><id><string value="2_30863873"/></id><localToWorld><transform2D x="2.3816983557219158E-12" y="-6.603076510522835E-13" scale="75.89421062226066" rotation="0"/></localToWorld><styleClasses><array><token value="invisible"/></array></styleClasses><width><double value="2047.316994958799"/></width></zInvisibleFrame><zCircleFrame><height><double value="800"/></height><id><string value="46_30863873"/></id><localToWorld><transform2D x="-25878.910791500253" y="19864.824432730107" scale="6.974151884263312" rotation="0"/></localToWorld><styleClasses><array><token value="circle"/></array></styleClasses><width><double value="800"/></width></zCircleFrame><zSwfGraphics><assetSourceFilename><string value="prezi_template_matrica.swf"/></assetSourceFilename><height><double value="113"/></height><id><string value="47_30863873"/></id><localToWorld><transform2D x="-27412.988697449022" y="18901.82088101156" scale="11.739478042304533" rotation="0"/></localToWorld><onlineAssetId><string value="4182230978"/></onlineAssetId><onlineAssetUrl><string value="http://0103.static.prezi.com.s3.amazonaws.com/media/4/2/3/7a283645adf3d9e4ff3dfae877a8519084c42.swf"/></onlineAssetUrl><width><double value="110"/></width></zSwfGraphics><zSwfGraphics><assetSourceFilename><string value="prezi_template_csillag_feher.swf"/></assetSourceFilename><height><double value="12"/></height><id><string value="48_30863873"/></id><localToWorld><transform2D x="-27484.19331590631" y="18541.153901317877" scale="14.924834831891376" rotation="-0.13901602035308422"/></localToWorld><onlineAssetId><string value="4183255592"/></onlineAssetId><onlineAssetUrl><string value="http://0103.static.prezi.com.s3.amazonaws.com/media/a/3/7/42d15f5d96e05179626d789d9ceac9338ecd1.swf"/></onlineAssetUrl><width><double value="12"/></width></zSwfGraphics><zText><id><string value="49_30863873"/></id><localToWorld><transform2D x="-25120.465538647062" y="18589.333874718865" scale="24.309819466848055" rotation="0"/></localToWorld><styleClasses><array><token value="subtitle"/></array></styleClasses><text><text><width>113.81636588385696</width><p><span><![CDATA[Objetivo]]></span></p></text></text></zText><zText><id><string value="50_30863873"/></id><localToWorld><transform2D x="-25585.065851761636" y="20421.299999999996" scale="8.712921672142521" rotation="-4.8450026272627996E-33"/></localToWorld><styleClasses><array><token value="body"/></array></styleClasses><text><text><width>499.93946733006993</width><p><span><![CDATA[- Resolver problemas matemáticos]]></span></p><p><span><![CDATA[- Fácil utilização]]></span></p><p><span><![CDATA[- Pescar agora para saber fazer mais tarde]]></span></p></text></text></zText><zText><id><string value="51_30863873"/></id><localToWorld><transform2D x="-27401.728131027616" y="18926.79151953307" scale="6.805433022389927" rotation="-0.13901602035308444"/></localToWorld><styleClasses><array><token value="title"/></array></styleClasses><text><text><width>130.56749105981368</width><p align="center"><span><![CDATA[Cheat Math]]></span></p></text></text></zText><zRectangleFrame><height><double value="600"/></height><id><string value="54_30863873"/></id><localToWorld><transform2D x="-11876.096148875486" y="25286.05806010698" scale="8.621216926282194" rotation="0"/></localToWorld><styleClasses><array><token value="roundrect"/></array></styleClasses><width><double value="1074.6268656716418"/></width></zRectangleFrame><zText><id><string value="55_30863873"/></id><localToWorld><transform2D x="-11826.669536235591" y="23555.49294319104" scale="19.272460143007756" rotation="0"/></localToWorld><styleClasses><array><token value="subtitle"/></array></styleClasses><text><text><width>402.19111326131735</width><p><span><![CDATA[Historias de usuarios]]></span></p></text></text></zText><zText><id><string value="56_30863873"/></id><localToWorld><transform2D x="-14968.35" y="25572.3" scale="4.746437077551731" rotation="0"/></localToWorld><styleClasses><array><token value="body"/></array></styleClasses><text><text><width>569.0990634085094</width><p align="center"><span><![CDATA[Como usuario, eu quero ver as formulas listadas por categoria, para poder achar o problema que eu preciso resolver mais rapidamente]]></span></p></text></text></zText><zCircleFrame><height><double value="800"/></height><id><string value="59_30863873"/></id><localToWorld><transform2D x="3971.0893883386198" y="19864.75183113608" scale="11.047298323410594" rotation="0"/></localToWorld><styleClasses><array><token value="circle"/></array></styleClasses><width><double value="800"/></width></zCircleFrame><zText><id><string value="60_30863873"/></id><localToWorld><transform2D x="4018.6737214239515" y="17579.63567353834" scale="29.615408653194194" rotation="0"/></localToWorld><styleClasses><array><token value="subtitle"/></array></styleClasses><text><text><width>258.58507387931456</width><p align="center"><span><![CDATA[Diagrama de Classes]]></span></p></text></text></zText><zCircleFrame><height><double value="800"/></height><id><string value="65_30863873"/></id><localToWorld><transform2D x="-15141.280238517367" y="-42420.518690147444" scale="21.338250951768135" rotation="0"/></localToWorld><styleClasses><array><token value="circle"/></array></styleClasses><width><double value="800"/></width></zCircleFrame><zSwfGraphics><assetSourceFilename><string value="prezi_template_matrica.swf"/></assetSourceFilename><height><double value="113"/></height><id><string value="66_30863873"/></id><localToWorld><transform2D x="-19843.024881239584" y="-45347.74311494114" scale="35.91833568676667" rotation="0"/></localToWorld><onlineAssetId><string value="4182230978"/></onlineAssetId><onlineAssetUrl><string value="http://0103.static.prezi.com.s3.amazonaws.com/media/4/2/3/7a283645adf3d9e4ff3dfae877a8519084c42.swf"/></onlineAssetUrl><width><double value="110"/></width></zSwfGraphics><zSwfGraphics><assetSourceFilename><string value="prezi_template_csillag_feher.swf"/></assetSourceFilename><height><double value="12"/></height><id><string value="67_30863873"/></id><localToWorld><transform2D x="-20052.83391883738" y="-46470.4468312978" scale="45.66431536645956" rotation="-0.1390160203530845"/></localToWorld><onlineAssetId><string value="4183255592"/></onlineAssetId><onlineAssetUrl><string value="http://0103.static.prezi.com.s3.amazonaws.com/media/a/3/7/42d15f5d96e05179626d789d9ceac9338ecd1.swf"/></onlineAssetUrl><width><double value="12"/></width></zSwfGraphics><zText><id><string value="68_30863873"/></id><localToWorld><transform2D x="-14424.422280639472" y="-41190.48950460743" scale="74.37879716188256" rotation="-0.2784173600333719"/></localToWorld><styleClasses><array><token value="subtitle"/></array></styleClasses><text><text><width>174.16636588385697</width><p align="center"><span><![CDATA[Considerações Finais]]></span></p></text></text></zText><zText><id><string value="70_30863873"/></id><localToWorld><transform2D x="-19841.204312949383" y="-45581.30084153641" scale="20.82203543557401" rotation="-0.13901602035308444"/></localToWorld><styleClasses><array><token value="title"/></array></styleClasses><text><text><width>130.56749105981368</width><p align="center"><span><![CDATA[Aprovado?]]></span></p></text></text></zText><zText><id><string value="71_30863873"/></id><localToWorld><transform2D x="-40581.7086230173" y="-38243.90013973205" scale="276.51288357182835" rotation="0"/></localToWorld><styleClasses><array><token value="title"/></array></styleClasses></zText><zText><id><string value="0_30863873"/></id><localToWorld><transform2D x="-29258.55973069981" y="41021.046882578026" scale="224.49006012931048" rotation="0"/></localToWorld><styleClasses><array><token value="title"/></array></styleClasses><text><text><width>325.9605509177615</width><p><span><![CDATA[Cheat Math]]></span></p></text></text></zText><zRectangleFrame><height><double value="600"/></height><id><string value="62_30863873"/></id><localToWorld><transform2D x="21154.4" y="243.35" scale="8.621216926282194" rotation="0"/></localToWorld><styleClasses><array><token value="roundrect"/></array></styleClasses><width><double value="1074.6268656716418"/></width></zRectangleFrame><zText><id><string value="63_30863873"/></id><localToWorld><transform2D x="21203.826612639914" y="-1487.2151169159436" scale="19.272460143007756" rotation="0"/></localToWorld><styleClasses><array><token value="subtitle"/></array></styleClasses><text><text><width>402.19111326131735</width><p align="center"><span><![CDATA[Telas]]></span></p></text></text></zText><zArrow><arcHeight><double value="-44.639062623710515"/></arcHeight><id><string value="72_30863873"/></id><localToWorld><transform2D x="-18542.258725882006" y="20116.4791474509" scale="33.86663278094197" rotation="0.34550157226448414"/></localToWorld><startEndDistance><double value="225.4715643644917"/></startEndDistance><styleClasses><array><token value="line3"/></array></styleClasses></zArrow><zArrow><arcHeight><double value="26.927041041285"/></arcHeight><id><string value="73_30863873"/></id><localToWorld><transform2D x="-3396.7296695927494" y="24311.061322771322" scale="33.86663278094196" rotation="-0.5572293174046947"/></localToWorld><startEndDistance><double value="201.7874101904796"/></startEndDistance><styleClasses><array><token value="line3"/></array></styleClasses></zArrow><zArrow><arcHeight><double value="-101.06723595285912"/></arcHeight><id><string value="74_30863873"/></id><localToWorld><transform2D x="15368.265030115255" y="15236.981969966902" scale="33.866632780941956" rotation="-2.5704438577633935E-16"/></localToWorld><startEndDistance><double value="401.84667526893986"/></startEndDistance><styleClasses><array><token value="line3"/></array></styleClasses></zArrow><zText><id><string value="0"/></id><localToWorld><transform2D x="-25805.156812908772" y="22184.13184266723" scale="4.6482023238781" rotation="-4.8450026272628E-33"/></localToWorld><styleClasses><array><token value="body"/></array></styleClasses><text><text><width>499.93946733006993</width><p><span><![CDATA[Ótimo aplicativo para pescar em provas :)]]></span></p></text></text></zText><zText><id><string value="1"/></id><localToWorld><transform2D x="-13377.6" y="26785.45" scale="4.746437077551731" rotation="0"/></localToWorld><styleClasses><array><token value="body"/></array></styleClasses><text><text><width>615.3940291040307</width><p align="center"><span><![CDATA[Como usuario, eu quero poder ver a apenas os campos necessários para resolver um determinado problema, para poder resolve-los mais facilmente]]></span></p></text></text></zText><zText><id><string value="2"/></id><localToWorld><transform2D x="-11953.966239138714" y="24507.974762793474" scale="4.746437077551731" rotation="0"/></localToWorld><styleClasses><array><token value="body"/></array></styleClasses><text><text><width>785.8308532322083</width><p align="center"><span><![CDATA[Como usuario, eu quero que ao solicitar a resolução de um problema, me seja mostrado o resultado e o passo a passo para solucionar aquele problema, para que eu possa solucionar problemas semelhantes posteriormente sem o aplicativo]]></span></p></text></text></zText><zText><id><string value="3"/></id><localToWorld><transform2D x="-10469.65" y="25563.1" scale="4.746437077551731" rotation="0"/></localToWorld><styleClasses><array><token value="body"/></array></styleClasses><text><text><width>615.3940291040307</width><p align="center"><span><![CDATA[Como usuario, eu quero poder favoritar formulas, para que eu possa revisá-las posteriormente com maior facilidade]]></span></p></text></text></zText><zText><id><string value="4"/></id><localToWorld><transform2D x="-9075.433075635912" y="26851.250000000004" scale="4.746437077551731" rotation="0"/></localToWorld><styleClasses><array><token value="body"/></array></styleClasses><text><text><width>647.9201405788737</width><p align="center"><span><![CDATA[Como usuario, eu quero poder ver o histórico das ultimas formulas que eu utilizei, para poder navegar mais fácilmente pelo aplicativo]]></span></p></text></text></zText><zImage><assetSourceFilename><string value="MainClassDiagramV3.png"/></assetSourceFilename><height><double value="977"/></height><id><string value="5"/></id><localToWorld><transform2D x="3967.1" y="20449.5" scale="4.078325241588747" rotation="0"/></localToWorld><onlineAssetId><string value="4651295880"/></onlineAssetId><onlineAssetUrl><string value="http://0103.static.prezi.com.s3.amazonaws.com/media/9/7/3/63243f2642e0c0fd93037d88ad4c01c2a8ebd.png"/></onlineAssetUrl><width><double value="1597"/></width></zImage><zInvisibleFrame><height><double value="600"/></height><id><string value="6"/></id><localToWorld><transform2D x="3611.3" y="20377" scale="8.765985641903798" rotation="0"/></localToWorld><styleClasses><array><token value="invisible"/></array></styleClasses><width><double value="1199.3103448275863"/></width></zInvisibleFrame><zInvisibleFrame><height><double value="600"/></height><id><string value="7"/></id><localToWorld><transform2D x="4091.65" y="20466.25" scale="6.573121791529924" rotation="0"/></localToWorld><styleClasses><array><token value="invisible"/></array></styleClasses><width><double value="1199.3103448275863"/></width></zInvisibleFrame><zImage><assetSourceFilename><string value="1 - tela inicial.png"/></assetSourceFilename><height><double value="818"/></height><id><string value="8"/></id><localToWorld><transform2D x="17557.61702982039" y="441.8042204215732" scale="0.8801979322551887" rotation="0"/></localToWorld><onlineAssetId><string value="4651298697"/></onlineAssetId><onlineAssetUrl><string value="http://0103.static.prezi.com.s3.amazonaws.com/media/7/2/b/bc8533e2b25302057e4cb788db96fba0c1852.png"/></onlineAssetUrl><width><double value="470"/></width></zImage><zImage><assetSourceFilename><string value="2 - selecionado geometria espacial.png"/></assetSourceFilename><height><double value="817"/></height><id><string value="9"/></id><localToWorld><transform2D x="19394.01702982039" y="441.75422042158027" scale="0.8877532793131765" rotation="0"/></localToWorld><onlineAssetId><string value="4651299262"/></onlineAssetId><onlineAssetUrl><string value="http://0103.static.prezi.com.s3.amazonaws.com/media/7/f/f/85fab50e5de85f3f7827b5c40d30c0d3298f7.png"/></onlineAssetUrl><width><double value="466"/></width></zImage><zImage><assetSourceFilename><string value="3 - selecionado volume cubo.png"/></assetSourceFilename><height><double value="819"/></height><id><string value="10"/></id><localToWorld><transform2D x="21204.71702982039" y="441.75422042158027" scale="0.8855853836372041" rotation="0"/></localToWorld><onlineAssetId><string value="4651299418"/></onlineAssetId><onlineAssetUrl><string value="http://0103.static.prezi.com.s3.amazonaws.com/media/5/d/b/edcfa618036dc720962a6a91d234afacae8e5.png"/></onlineAssetUrl><width><double value="465"/></width></zImage><zImage><assetSourceFilename><string value="4 - prenchido campo e clicado em calcular.png"/></assetSourceFilename><height><double value="819"/></height><id><string value="11"/></id><localToWorld><transform2D x="23067.467029820393" y="441.75422042158027" scale="0.885585383637203" rotation="0"/></localToWorld><onlineAssetId><string value="4651299589"/></onlineAssetId><onlineAssetUrl><string value="http://0103.static.prezi.com.s3.amazonaws.com/media/1/3/9/5b36911d62c43e26b4e6f92eb9971f5208dca.png"/></onlineAssetUrl><width><double value="467"/></width></zImage><zImage><assetSourceFilename><string value="5 - clicado em favorite.png"/></assetSourceFilename><height><double value="818"/></height><id><string value="12"/></id><localToWorld><transform2D x="24848.7170298204" y="441.75422042158027" scale="0.8858523086936612" rotation="0"/></localToWorld><onlineAssetId><string value="4651299793"/></onlineAssetId><onlineAssetUrl><string value="http://0103.static.prezi.com.s3.amazonaws.com/media/b/1/5/b381c3c2b643a2da33b740f95934615edc613.png"/></onlineAssetUrl><width><double value="467"/></width></zImage><zInvisibleFrame><height><double value="600"/></height><id><string value="13"/></id><localToWorld><transform2D x="24275.45" y="17774.75" scale="3.8749307223643004" rotation="0"/></localToWorld><styleClasses><array><token value="invisible"/></array></styleClasses><width><double value="1270.8891595615103"/></width></zInvisibleFrame><zInvisibleFrame><height><double value="600"/></height><id><string value="14"/></id><localToWorld><transform2D x="17607.91702982039" y="404.1042204215795" scale="1.069386496953518" rotation="0"/></localToWorld><styleClasses><array><token value="invisible"/></array></styleClasses><width><double value="1270.8891595615103"/></width></zInvisibleFrame><zInvisibleFrame><height><double value="600"/></height><id><string value="15"/></id><localToWorld><transform2D x="19422.71702982039" y="412.50422042157885" scale="1.1453443003483996" rotation="0"/></localToWorld><styleClasses><array><token value="invisible"/></array></styleClasses><width><double value="1066.6666666666665"/></width></zInvisibleFrame><zInvisibleFrame><height><double value="600"/></height><id><string value="16"/></id><localToWorld><transform2D x="21193.36702982039" y="412.7542204215788" scale="1.144306332076209" rotation="0"/></localToWorld><styleClasses><array><token value="invisible"/></array></styleClasses><width><double value="1066.6666666666665"/></width></zInvisibleFrame><zInvisibleFrame><height><double value="600"/></height><id><string value="17"/></id><localToWorld><transform2D x="23109.01702982039" y="404.7042204215808" scale="1.0702432665241444" rotation="0"/></localToWorld><styleClasses><array><token value="invisible"/></array></styleClasses><width><double value="1066.6666666666665"/></width></zInvisibleFrame><zInvisibleFrame><height><double value="600"/></height><id><string value="18"/></id><localToWorld><transform2D x="24874.517029820396" y="394.35422042157904" scale="1.0236726355967019" rotation="0"/></localToWorld><styleClasses><array><token value="invisible"/></array></styleClasses><width><double value="1066.6666666666665"/></width></zInvisibleFrame><zCircleFrame><height><double value="800"/></height><id><string value="19"/></id><localToWorld><transform2D x="27696.5" y="17184.35" scale="11.047308125104133" rotation="0"/></localToWorld><styleClasses><array><token value="circle"/></array></styleClasses><width><double value="800"/></width></zCircleFrame><zArrow><arcHeight><double value="111.88090600021465"/></arcHeight><id><string value="20"/></id><localToWorld><transform2D x="29912.294642114717" y="6491.116149947716" scale="33.86663278094196" rotation="-1.905550350597976"/></localToWorld><startEndDistance><double value="330.21006883455556"/></startEndDistance><styleClasses><array><token value="line3"/></array></styleClasses></zArrow><zText><id><string value="21"/></id><localToWorld><transform2D x="27696.07861332162" y="15043.320704792226" scale="26.923122663097107" rotation="0"/></localToWorld><styleClasses><array><token value="subtitle"/></array></styleClasses><text><text><width>285.15018561768017</width><p align="center"><span><![CDATA[Diagrama de Sequência]]></span></p></text></text></zText><zImage><assetSourceFilename><string value="MainSequenceDiagramV3.png"/></assetSourceFilename><height><double value="981"/></height><id><string value="22"/></id><localToWorld><transform2D x="27696.55" y="17902.55" scale="3.6416466196811275" rotation="0"/></localToWorld><onlineAssetId><string value="4651305556"/></onlineAssetId><onlineAssetUrl><string value="http://0103.static.prezi.com.s3.amazonaws.com/media/b/e/6/eb81d28e0442f5b81f59c0cec399d0ec46d65.png"/></onlineAssetUrl><width><double value="1860"/></width></zImage><zInvisibleFrame><height><double value="600"/></height><id><string value="23"/></id><localToWorld><transform2D x="27750.15" y="17956.6" scale="5.717784503226987" rotation="0"/></localToWorld><styleClasses><array><token value="invisible"/></array></styleClasses><width><double value="1199.3103448275863"/></width></zInvisibleFrame><zArrow><arcHeight><double value="160.0936980719619"/></arcHeight><id><string value="24"/></id><localToWorld><transform2D x="9694.442188838448" y="-23323.858698152544" scale="33.866632780941956" rotation="-2.176073582395465"/></localToWorld><startEndDistance><double value="1270.257835712156"/></startEndDistance><styleClasses><array><token value="line3"/></array></styleClasses></zArrow></array></zObjects></prezi>